PlayGuid,pos_num_y,T_per80m|mean,T_per80m|std,TA_per80m|mean,TA_per80m|std,C_per80m|mean,C_per80m|std,P_per80m|mean,P_per80m|std,DG_per80m|mean,DG_per80m|std,M_per80m|mean,M_per80m|std,CA_per80m|mean,CA_per80m|std,MK_per80m|mean,MK_per80m|std,PM_per80m|mean,PM_per80m|std,O_per80m|mean,O_per80m|std,BTs_per80m|mean,BTs_per80m|std,Kon_per80m|mean,Kon_per80m|std,TM_per80m|mean,TM_per80m|std,MT_per80m|mean,MT_per80m|std,TW_per80m|mean,TW_per80m|std,TC_per80m|mean,TC_per80m|std,HE_per80m|mean,HE_per80m|std,PC_per80m|mean,PC_per80m|std,OPC_per80m|mean,OPC_per80m|std,SPC_per80m|mean,SPC_per80m|std,LW_per80m|mean,LW_per80m|std,LS_per80m|mean,LS_per80m|std,YC_per80m|mean,YC_per80m|std,RC_per80m|mean,RC_per80m|std,TS(%)_per80m|mean,TS(%)_per80m|std,TW(%)_per80m|mean,TW(%)_per80m|std,MpCA_per80m|mean,MpCA_per80m|std
AB882295,5,0.0,0.0,0.0,0.0,0.0,0.0,0.0,0.0,0.0,0.0,15.2,7.758865896508329,4.2,1.9235384061671346,0.0,0.0,4.4,4.39317652729776,0.0,0.0,0.0,0.0,0.0,0.0,10.4,1.949358868961793,0.6,0.5477225575051661,0.2,0.4472135954999579,0.2,0.4472135954999579,0.2,0.4472135954999579,1.0,1.0,0.2,0.4472135954999579,0.0,0.0,3.4,1.51657508881031,0.0,0.0,0.0,0.0,0.0,0.0,0.9523809523809523,0.043740888263985346,0.5,,3.6366666666666667,0.576676300497563
AD427633,9,0.4219814352820192,0.5780978745586784,0.4339295059915379,0.5941913898482591,0.0,0.0,0.0,0.0,0.0,0.0,50.49505876874773,13.561667418089254,7.866466162483069,3.3268480180164697,407.9195707980427,129.23631722567353,50.0687303492205,13.028641289433825,1.69409877842035,0.9375313933887097,2.754885681963349,1.9375238541762725,0.21079535650569822,0.47135274648804376,8.668720709292653,4.322763323981595,0.835171652563657,0.865054739145549,0.0,0.0,1.0560709582259933,0.7454969421221757,2.139976355121407,1.09349536497495,0.4184375529952682,0.5730865606829666,0.21249880993257758,0.4751617841470509,0.0,0.0,0.42854150215190606,0.5868380593848636,0.0,0.0,0.0,0.0,0.0,0.0,0.9071428571428573,0.10594569267279515,0.0,0.0,7.287179487179486,3.1639612651822975
AD528464,7,0.2,0.447213595499958,0.0,0.0,0.0,0.0,0.0,0.0,0.0,0.0,69.78301488119534,45.00083387134188,10.252412502326829,6.615563872933457,0.0,0.0,1.459199536456865,1.5027719018955183,0.0,0.0,1.6768413733685328,1.813674516201466,0.6176418369116677,1.3810891330823278,6.779817674267861,3.400111434959196,0.2,0.447213595499958,1.2,1.7888543819998317,1.0176418369116678,1.4456020740876199,1.217641836911668,1.3345203026370915,0.2,0.447213595499958,0.0,0.0,0.0,0.0,0.4,0.894427190999916,0.4,0.5477225575051661,0.0,0.0,0.0,0.0,0.9846153846153847,0.03440104580768905,0.5,0.5,6.822222222222223,0.8447367914999205
AF878846,9,0.0,0.0,0.47869716610833485,0.9573943322166697,0.0,0.0,0.0,0.0,0.0,0.0,24.950000000133706,22.862872920776308,5.620333180974774,2.1986386623849214,182.12522992761237,92.2832725749942,41.32276128388936,19.886812862688757,0.0,0.0,1.631629846368696,2.1821710940097647,0.0,0.0,5.964801222791261,3.224800734399585,0.38431089342012037,0.7686217868402409,0.0,0.0,0.7686217868402407,1.5372435736804817,3.2166510384664946,1.8022630375537778,0.7720522961395847,1.5441045922791694,0.0,0.0,0.0,0.0,0.0,0.0,0.0,0.0,0.0,0.0,0.0,0.0,0.9583333333333333,0.08333333333333338,0.0,,3.625,3.0379543555930306
AJ536835,7,0.4,0.5477225575051661,0.0,0.0,0.0,0.0,0.0,0.0,0.0,0.0,29.256093635119452,18.90135262894122,5.456093635119453,3.7681165710724227,0.0,0.0,2.4560936351194527,1.7661836701165838,0.8,0.8366600265340756,0.4,0.894427190999916,0.2,0.4472135954999579,13.529217256552887,3.1182363067203616,1.7365618107167173,3.3521381363850185,0.8,0.8366600265340756,0.2,0.4472135954999579,0.6,0.894427190999916,0.8,0.8366600265340756,0.2,0.447213595499958,0.0,0.0,0.2,0.4472135954999579,0.0,0.0,0.0,0.0,0.0,0.0,0.925077399380805,0.13703669114920497,0.8333333333333334,0.2886751345948129,5.558333333333333,3.5963426638121616
AP903050,9,0.0,0.0,0.44545238470166176,0.6128416650026892,0.0,0.0,0.0,0.0,0.0,0.0,41.098534908377424,42.29611084433017,4.9102484592245705,4.087680572049174,164.3247942222271,134.24978459316247,66.47918178460827,13.658941948206573,0.234661328284344,0.5247186817341872,3.605541036868972,3.038058979791433,0.234661328284344,0.5247186817341872,4.866796071720223,3.249016788261335,1.6826256118185299,1.3536200549019506,0.44060007134703466,0.6054493182350772,1.4673666401327548,1.4662402800270362,2.2391106283324156,1.6861447832110847,0.234661328284344,0.5247186817341872,0.234661328284344,0.5247186817341872,0.0,0.0,0.0,0.0,0.0,0.0,0.0,0.0,0.0,0.0,0.7033333333333334,0.27998015802711607,0.25,0.28867513459481287,10.069444444444445,7.526547664971399
AS421316,6,0.0,0.0,0.0,0.0,0.0,0.0,0.0,0.0,0.0,0.0,44.09139610876716,19.464966927702235,5.778944600633008,2.140239427370354,0.0,0.0,2.6183638806733787,1.932861095306014,0.0,0.0,0.0,0.0,0.0,0.0,12.396370016358246,4.34597571741403,3.2249634137295997,1.6482571466925704,0.0,0.0,0.0,0.0,0.25,0.5,0.8325014117339604,1.104036821939794,0.0,0.0,0.0,0.0,0.5,1.0,0.0,0.0,0.5825014117339604,1.1650028234679208,0.0,0.0,0.7948717948717949,0.05207716926048694,,,7.6875,2.055227075856421
BA768636,12,0.25,0.5,0.25,0.5,0.0,0.0,0.0,0.0,0.0,0.0,55.70768703011493,38.32641475317526,9.191871461620687,5.930036283185379,0.0,0.0,7.218574468343838,5.3945154858518825,0.8172852792128261,0.5486911675972559,0.8093307319513874,1.0623164858867817,0.0,0.0,6.634873328123285,3.7243598948979106,0.75,1.5,0.2796653659756937,0.5593307319513874,0.5592408442594261,0.6529617417533076,0.5376199132371324,0.6238222897086857,0.3092408442594261,0.6184816885188522,0.3092408442594261,0.6184816885188522,0.0,0.0,0.0,0.0,0.0,0.0,0.0,0.0,0.0,0.0,0.9375,0.125,0.3333333333333333,0.5773502691896258,6.002777777777777,0.663720341226653
BK512124,10,0.0,0.0,0.6480379236681217,1.2960758473362435,0.0,0.0,0.0,0.0,0.0,0.0,100.53981909331611,111.31802044276483,6.499765664781469,7.225540721292496,20.5,41.0,22.909601683782597,24.466009571505282,0.0,0.0,0.6480379236681217,1.2960758473362435,0.0,0.0,2.398037923668122,3.302368184338394,0.25,0.5,0.0,0.0,0.25,0.5,3.7450362253656717,3.2167828875979523,0.25,0.5,0.0,0.0,0.0,0.0,0.0,0.0,0.0,0.0,0.0,0.0,0.0,0.0,0.9375,0.08838834764831845,0.0,,15.75,11.97131989381288
BW742198,9,0.47869716610833485,0.9573943322166698,0.0,0.0,0.0,0.0,0.0,0.0,0.0,0.0,33.32741006663924,24.73068260084688,4.28607391441414,2.6063333997059175,111.4571550377461,89.59567441086949,54.86821339259919,27.606881202467488,0.6742925859953961,1.3485851719907922,2.683455467412136,2.305054347941347,0.0,0.0,5.207853702204515,4.763989082053367,0.0,0.0,0.6024407670058242,1.2048815340116483,0.6024407670058242,1.2048815340116483,1.081137933114159,1.2646391780237871,0.7033610572054578,1.4067221144109157,0.0,0.0,0.0,0.0,0.0,0.0,0.0,0.0,0.7033610572054578,1.4067221144109157,0.0,0.0,1.0,0.0,0.5,,7.458333333333334,5.339189493213782
BY523643,9,0.0,0.0,0.2,0.447213595499958,0.0,0.0,0.0,0.0,0.0,0.0,6.325306611376839,8.269805302563318,1.7958082223927714,1.663252421844494,269.4159756983973,110.37840883074075,48.63443090580571,21.48366702025082,0.42579262781942473,0.5848206904498967,0.42579262781942473,0.5848206904498967,0.4135325143527807,0.9246868129992252,3.394306777515728,1.1470830913060688,1.2318081625572934,0.8387643539255389,0.0,0.0,0.8393251421722054,0.8699788515678682,0.8135325143527808,1.1142321067811158,0.39248302038508776,0.8776187135954919,0.0,0.0,0.0,0.0,0.0,0.0,0.0,0.0,0.0,0.0,0.0,0.0,0.75,0.1863389981249825,0.0,0.0,3.666666666666666,2.8480012484391763
CB879230,1,0.2501954598770968,0.5594540559470096,0.2446810077052593,0.5471233660321095,0.0,0.0,0.0,0.0,0.0,0.0,32.498276894116714,7.110663085592289,6.914919647186305,1.9226483489512007,0.0,0.0,4.136399019141256,2.508446708284534,2.066318290956038,1.950006954100029,0.7606307151733451,0.6954318209501332,0.0,0.0,9.185399165292145,3.9843168119482417,0.2501954598770968,0.5594540559470096,0.0,0.0,0.2501954598770968,0.5594540559470096,0.265754247590989,0.5942445629227611,0.4893620154105186,1.094246732064219,0.0,0.0,0.0,0.0,0.0,0.0,0.0,0.0,0.0,0.0,0.0,0.0,0.9777777777777779,0.049690399499995354,0.0,,4.86,1.283744522870497
CD872704,6,0.0,0.0,0.0,0.0,0.0,0.0,0.0,0.0,0.0,0.0,63.34653808139019,45.00343346764645,9.343317260173773,4.908908815481012,0.0,0.0,5.2247527200993,2.9154924330125036,0.25309409001241245,0.5659355899712049,1.5592822700372375,1.436656983378436,0.2,0.4472135954999579,10.971658630086887,4.758752254090175,0.0,0.0,0.8530940900124125,0.4905527056060715,1.4530940900124125,1.1229429290746784,1.506188180024825,0.7180960366985468,0.8,0.8366600265340756,0.0,0.0,0.0,0.0,2.01237636004965,1.7588600205282872,0.0,0.0,0.0,0.0,0.0,0.0,1.0,0.0,0.4166666666666667,0.37267799624996495,6.752857142857144,2.688939932237921
CE445208,4,0.0,0.0,0.0,0.0,0.0,0.0,0.0,0.0,0.0,0.0,18.436901392071437,24.9241018656212,3.771998235683038,5.721529242651784,0.0,0.0,3.0895103507591073,3.2517848529533455,0.0,0.0,0.0,0.0,0.25,0.5,4.963145912433216,3.3484988640730533,0.0,0.0,0.2747271123348216,0.5494542246696432,0.5247271123348216,0.6072466852804587,0.25,0.5,2.0895103507591073,3.485130174315028,0.2747271123348216,0.5494542246696432,0.0,0.0,0.5,1.0,0.2747271123348216,0.5494542246696432,0.0,0.0,1.8147832384242857,3.6295664768485714,1.0,0.0,0.25,0.3535533905932738,5.681818181818182,1.8641906049463528
CH726208,1,0.3239994205710813,0.6479988411421626,0.0,0.0,0.0,0.0,0.0,0.0,0.0,0.0,11.040726620597699,13.147853618856605,3.242298409334281,3.097038190989284,0.0,0.0,0.81309184157532,1.62618368315064,0.0,0.0,0.3239994205710813,0.6479988411421626,0.81309184157532,1.62618368315064,6.104530758846158,2.2588838814052985,2.2142335083697136,2.131250405200891,0.0,0.0,0.81309184157532,1.62618368315064,0.81309184157532,1.62618368315064,0.6441164644703974,0.7437886487428962,0.0,0.0,0.0,0.0,0.0,0.0,0.0,0.0,0.0,0.0,0.0,0.0,0.74375,0.23307277118244996,0.0,,2.5,2.179449471770337
CH868958,13,0.4,0.8944271909999159,0.0,0.0,0.0,0.0,0.0,0.0,0.0,0.0,52.323823065046646,35.91901634120819,6.041007608111064,3.6084720591839887,2.2373229278055495,5.002806154192063,3.981023478936077,2.851688166258719,0.42373229278055496,0.5817340868248502,1.2,1.7888543819998317,0.42373229278055496,0.5817340868248502,8.06473990089162,2.920549470895427,0.623732292780555,0.5714441367129992,0.0,0.0,0.9549133002972063,0.9758886504980759,1.1311810075166513,0.7444240923040955,0.4,0.5477225575051661,0.0,0.0,0.0,0.0,0.0,0.0,0.0,0.0,0.0,0.0,0.0,0.0,0.9310439560439562,0.0674085362515023,0.0,0.0,8.375555555555556,3.2863954512091804
CM372062,6,0.0,0.0,0.36560082755274204,0.8175083030381093,0.0,0.0,0.0,0.0,0.0,0.0,35.10104508425049,22.088281148234522,7.34390543717775,2.720907268470765,0.0,0.0,4.572181270742694,1.831628524611487,0.6076568674628785,0.8602532979058687,0.43208538443865707,0.966172291688967,0.0,0.0,10.641014371438015,4.367613527759954,1.5817834076200368,1.3545216021568798,0.0,0.0,0.8901841165681221,1.414601485249741,0.43208538443865707,0.966172291688967,0.8901841165681221,1.414601485249741,0.0,0.0,0.0,0.0,4.0570223078565375,1.4476526554916878,0.0,0.0,0.0,0.0,0.0,0.0,0.8623931623931623,0.15295802528380656,0.0,0.0,4.41388888888889,1.354447976478851
CM573391,9,0.81309184157532,1.62618368315064,0.8598856620448613,1.7197713240897226,0.0,0.0,0.0,0.0,0.0,0.0,27.82484642633201,41.69949984429927,4.446330623356563,5.05835525181605,145.5284728494005,195.56425269668915,56.026224336738075,28.770291660392935,0.0,0.0,0.9766259081919285,1.953251816383857,0.7033610572054578,1.4067221144109157,2.4930788069727066,1.7216624519916721,0.81309184157532,1.62618368315064,0.0,0.0,2.266607776455777,2.7653983494998533,3.2432336846477057,2.3578831638641446,0.0,0.0,0.0,0.0,0.0,0.0,0.0,0.0,0.0,0.0,0.0,0.0,0.0,0.0,0.8333333333333334,0.2886751345948129,0.0,0.0,4.888888888888888,2.4570382652773315
CW541496,4,0.0,0.0,0.0,0.0,0.0,0.0,0.0,0.0,0.0,0.0,15.365679623373921,10.940403296748949,3.8862874500103217,2.257350912987123,0.0,0.0,3.484259463195967,2.230924029125907,0.0,0.0,0.0,0.0,0.0,0.0,6.957776199770666,2.6076213222750853,0.85079024768458,0.8903527340245916,0.42172943671767626,0.5787529673158073,0.0,0.0,0.4,0.894427190999916,0.6124988099325777,0.9018203319848312,0.2,0.447213595499958,0.0,0.0,5.226030648853001,1.9987667094480466,0.0,0.0,0.0,0.0,0.0,0.0,0.9014141414141413,0.09592662910586999,1.0,0.0,3.4666666666666663,2.4927673154325674
DB100356,10,0.0,0.0,0.2,0.447213595499958,1.0,1.4142135623730951,1.4115890866106626,1.9687561041458777,0.20289727165266566,0.45369209186460147,29.178316849255157,18.145461372479293,4.488620244580341,1.4142764205011265,302.81267588358844,177.78535377822655,33.260006782156786,8.777094766937976,0.0,0.0,0.20289727165266566,0.45369209186460147,0.0,0.0,8.93739579201474,3.032180863090503,1.4598865633841434,1.7842088467241626,0.0,0.0,0.4,0.8944271909999159,2.0200418662382007,1.2105197708248643,0.21424732293286947,0.4790715780752457,0.0,0.0,0.0,0.0,0.0,0.0,0.0,0.0,0.0,0.0,0.0,0.0,0.8822177822177822,0.15135953116649917,0.0,,6.22,2.7406000964914403
DC417137,6,0.0,0.0,0.0,0.0,0.0,0.0,0.0,0.0,0.0,0.0,22.1475083014524,24.716715777270043,5.619866590605504,6.990432106621442,0.0,0.0,1.0176418369116678,1.4456020740876199,0.0,0.0,0.0,0.0,0.2,0.447213595499958,6.628742570006781,3.9513920941167955,0.8879085296358891,1.4906832195041002,0.2,0.447213595499958,1.3106526869898718,2.4108962259073237,0.2,0.447213595499958,0.0,0.0,0.0,0.0,0.0,0.0,3.105550366547557,1.8805101834620193,0.2,0.447213595499958,0.0,0.0,0.0,0.0,0.8854166666666667,0.15728821740147395,0.25,0.3535533905932738,4.291666666666667,1.4595233240114163
DF470268,1,0.0,0.0,0.0,0.0,0.0,0.0,0.0,0.0,0.0,0.0,16.268396068555276,8.182123418329153,4.67600354397608,2.039045450656297,0.0,0.0,2.1724218636453556,1.6310599957640908,0.46241764238224975,0.6427334392858105,0.26241764238224974,0.5867836868619403,0.0,0.0,11.90492930069453,3.2646584180246765,2.013741421789205,1.8157612954357616,1.0981912699266687,1.0534374104213857,0.2,0.447213595499958,0.0,0.0,1.5101295560056542,1.0118225090939352,0.0,0.0,0.0,0.0,0.2,0.447213595499958,0.0,0.0,0.0,0.0,0.0,0.0,0.8437626262626263,0.16170608885423396,0.8888888888888888,0.19245008972987532,3.4357142857142855,0.4463571371419428
DG601214,14,0.4,0.5477225575051661,0.2,0.447213595499958,0.0,0.0,0.0,0.0,0.0,0.0,78.4,19.191143790821847,7.2,2.280350850198276,9.8,9.497368056467012,1.8,1.0954451150103321,0.2,0.4472135954999579,3.8,2.16794833886788,0.0,0.0,4.2,2.16794833886788,2.0,1.4142135623730951,0.2,0.447213595499958,0.6,0.5477225575051661,0.4,0.5477225575051662,0.8,0.8366600265340756,0.2,0.4472135954999579,0.0,0.0,0.2,0.447213595499958,0.0,0.0,0.0,0.0,0.0,0.0,0.6773809523809523,0.1631430239345324,0.25,0.5,11.443982683982684,3.331863025366548
DL576464,2,0.20751689951446295,0.46402189379433223,0.0,0.0,0.0,0.0,0.0,0.0,0.0,0.0,54.900051138848326,20.66059981321692,11.738129030256053,6.081171888702594,0.0,0.0,3.151240696773045,5.4313166570461044,0.0,0.0,0.7310307272517415,1.6346343997760018,0.39248302038508776,0.8776187135954918,12.290017786231724,11.414113586674294,1.025206716045133,1.0237713436061984,1.1460645262806675,1.6657697148068042,1.9310305670508428,1.8991031658194246,0.7849660407701755,1.7552374271909836,0.20751689951446295,0.46402189379433223,0.0,0.0,0.0,0.0,0.0,0.0,0.0,0.0,0.0,0.0,0.0,0.0,0.8733333333333334,0.14220486005134364,0.3333333333333333,0.2886751345948129,4.96,0.9528903399657281
DL985901,3,0.0,0.0,0.0,0.0,0.0,0.0,0.0,0.0,0.0,0.0,14.599434055216735,7.998756101331313,2.570399978394488,0.9922200404780221,0.0,0.0,0.38431089342012037,0.7686217868402409,0.0,0.0,0.0,0.0,0.0,0.0,11.982629332534186,7.461866043617367,2.4641070963332488,2.0202377169357644,1.093044542487184,1.2752837055377146,0.0,0.0,0.0,0.0,1.4773554359073042,1.047351030787764,0.38431089342012037,0.7686217868402409,0.0,0.0,0.0,0.0,0.0,0.0,0.0,0.0,0.0,0.0,0.8518668831168832,0.11908235669886232,1.0,0.0,5.375,2.358495283014151
DP646434,14,0.75,0.9574271077563381,0.25,0.5,0.0,0.0,0.0,0.0,0.0,0.0,61.25,39.37321424522006,5.75,2.6299556396765835,66.5,13.102162671355696,5.5,2.516611478423583,1.25,0.9574271077563381,3.25,1.2583057392117916,0.25,0.5,4.25,2.5,0.5,0.5773502691896257,0.0,0.0,0.75,0.9574271077563382,1.0,0.816496580927726,0.25,0.5,0.0,0.0,0.0,0.0,0.25,0.5,0.0,0.0,0.0,0.0,0.0,0.0,0.8333333333333334,0.23570226039551584,0.0,0.0,9.760416666666666,3.4420424532535914
DS458390,2,0.23234438795067874,0.5195378456483007,0.21788681377220942,0.4872097269954977,0.0,0.0,0.0,0.0,0.0,0.0,65.1201647831908,17.606940795308933,11.642177943210054,3.3333153809073433,0.0,0.0,4.65228476359699,2.22197627166247,1.5196026977128043,1.1136531382130632,2.2226349517789212,1.6327762658045355,0.0,0.0,11.39243337300327,4.2363690734072925,0.4502312017228881,0.617033990286464,0.0,0.0,0.7033252917353006,0.645086735584269,0.21788681377220942,0.4872097269954977,0.2560936351194528,0.572642776732124,0.0,0.0,0.0,0.0,0.0,0.0,0.0,0.0,0.0,0.0,0.0,0.0,0.96,0.054772255750516585,0.0,0.0,5.6938095238095245,1.4355855584713886
ED181409,13,0.22791295278126325,0.5096288553716044,0.25309409001241245,0.5659355899712049,0.0,0.0,0.0,0.0,0.0,0.0,34.24519064396313,26.346927752041054,4.209991668484436,3.3069790810185253,41.73627908512019,26.309955087112222,3.629709174615357,2.7067246793044992,0.4279129527812632,0.5880179366624286,0.4279129527812632,0.5880179366624286,0.0,0.0,4.954109346178872,2.638956068917898,3.7775326194454912,5.070253132932177,0.0,0.0,1.5560614022462345,1.8071713667038836,0.6810070427936756,0.628722981416339,0.0,0.0,0.0,0.0,0.0,0.0,0.0,0.0,0.0,0.0,0.0,0.0,0.0,0.0,0.6454545454545455,0.2832259559940796,0.0,0.0,8.41875,2.4296621373869756
EG908747,1,0.0,0.0,0.22579262781942472,0.5048876646225438,0.0,0.0,0.0,0.0,0.0,0.0,60.36474303416388,41.69197165296275,8.646368026124478,3.8731856430187492,0.0,0.0,3.5750435591816654,4.403427693740486,0.22579262781942472,0.5048876646225438,1.1156693212102764,1.955647446829345,0.22579262781942472,0.5048876646225438,9.838227482655723,3.134236132169934,1.1179122889416881,0.7989825024937368,0.0,0.0,0.6773778834582741,1.514662993867631,0.8765828755040046,1.2012303912969768,1.762338898817117,1.225688909265551,0.0,0.0,0.0,0.0,0.22579262781942472,0.5048876646225438,0.0,0.0,0.0,0.0,0.0,0.0,0.9094017094017094,0.057525875796457585,0.0,,6.543296703296702,2.757214203764183
EP413386,15,0.2,0.4472135954999579,0.22172943671767625,0.49580209311346196,0.0,0.0,0.6,0.8944271909999159,0.0,0.0,40.21241338664896,20.265429546383483,5.97383549374141,2.0753768597532725,113.77559509736098,108.25912171514655,5.039023803894439,4.7634578674010175,0.42172943671767626,0.5787529673158073,0.4,0.5477225575051662,0.0,0.0,4.086917746870705,0.7333303986644764,1.8217294367176762,1.0765230924903493,0.0,0.0,0.8217294367176763,0.46176353305471796,0.0,0.0,0.2,0.447213595499958,0.0,0.0,0.0,0.0,0.0,0.0,0.0,0.0,0.0,0.0,0.0,0.0,0.7092857142857142,0.10514809769548662,0.0,0.0,6.527380952380952,1.4704525581002545
FB999044,3,1.2549381404393054,2.806126989579465,0.0,0.0,0.0,0.0,0.0,0.0,0.0,0.0,12.685876901622741,9.167455464865707,4.4692478794635635,2.5513486282230624,0.0,0.0,0.9109133593195852,1.2670346975836948,0.39248302038508776,0.8776187135954918,0.0,0.0,0.0,0.0,10.186247474406352,6.1981052936655034,0.0,0.0,0.0,0.0,0.0,0.0,0.0,0.0,1.6419440865713266,1.6163670396897007,0.0,0.0,0.0,0.0,0.0,0.0,0.0,0.0,0.0,0.0,0.0,0.0,1.0,0.0,,,2.8333333333333335,1.1055415967851334
FC939898,6,0.21249880993257758,0.47516178414705096,0.0,0.0,0.0,0.0,0.0,0.0,0.0,0.0,13.312686468530464,7.603528135099828,3.263682035800948,1.3287935967321012,0.0,0.0,0.2,0.447213595499958,0.2,0.447213595499958,0.2,0.447213595499958,0.21249880993257758,0.47516178414705096,13.635930986852514,1.612586587853751,0.8232941664382759,0.4611654370238723,0.41079535650569826,0.5628283338363244,0.4124988099325776,0.5652692421736034,0.21249880993257758,0.47516178414705096,0.21079535650569822,0.47135274648804376,0.0,0.0,0.0,0.0,1.4232941664382759,1.1303682190543067,0.21079535650569822,0.47135274648804376,0.0,0.0,0.0,0.0,0.9452316311139841,0.031328826519548,0.5,0.5,3.9166666666666665,2.0395397084200693
FR364036,5,0.0,0.0,0.0,0.0,0.0,0.0,0.0,0.0,0.0,0.0,22.272424215592757,10.135918917170248,3.9821669399067687,1.2616515492133415,0.0,0.0,5.73030486701281,2.843955349492098,0.0,0.0,0.828494645865739,0.8885626943622414,0.22579262781942472,0.5048876646225438,10.481751714024105,2.6250232565293983,0.2197816898678573,0.4914467987543057,0.44003995075229413,0.6028950702127102,0.877377883458274,1.4681672395415035,0.44557431768728206,0.6102202853390061,0.8482763357335962,0.8944170740755283,0.43402901280072675,0.5943992229265906,0.0,0.0,5.962108432783802,2.314269323747287,0.22579262781942472,0.5048876646225438,0.0,0.0,0.0,0.0,0.9714285714285715,0.06388765649999402,0.4166666666666667,0.5204164998665332,5.81,2.5025986494042547
FR608838,10,0.0,0.0,0.6297642998975906,0.9280258364792053,1.2584163005351066,1.6898888206948972,1.5062085833731818,1.8043830273802228,0.0,0.0,30.095304315873562,24.813746511846865,5.163019311148835,3.3119962049176483,327.84835820674033,145.0143118700269,24.637068925255317,14.582280786280222,1.0703643712446254,1.2626893873053409,0.8704349558287628,0.9132127045138172,0.234661328284344,0.5247186817341872,4.493696654580146,3.8788329935264043,1.082312441954144,1.0616249709484562,0.0,0.0,0.6584868851192439,0.6032742583571036,1.7516350985228322,1.326390933356191,0.21788681377220942,0.4872097269954977,0.0,0.0,0.0,0.0,0.0,0.0,0.0,0.0,0.21788681377220942,0.4872097269954977,0.0,0.0,0.8095238095238095,0.2109529184127304,0.0,0.0,5.373333333333333,2.2143973346162507
FS380018,15,0.2,0.4472135954999579,0.0,0.0,0.0,0.0,0.0,0.0,0.0,0.0,98.2,57.60381931781954,9.2,3.5637059362410923,51.4,30.088203668547578,2.6,3.1304951684997055,0.2,0.4472135954999579,0.8,0.8366600265340756,0.2,0.4472135954999579,2.6,2.1908902300206643,1.2,0.8366600265340756,0.0,0.0,1.0,0.7071067811865476,0.4,0.5477225575051662,0.4,0.5477225575051661,0.0,0.0,0.0,0.0,0.2,0.4472135954999579,0.0,0.0,0.0,0.0,0.0,0.0,0.6095238095238096,0.25676780408653166,0.0,0.0,10.171428571428573,2.0327115141537524
GA508879,8,0.0,0.0,0.4178868137722095,0.5730880483773175,0.0,0.0,0.0,0.0,0.0,0.0,66.76242660286974,31.864540133993348,13.677228809002278,6.069019286187852,0.0,0.0,5.748925138547112,1.8848198937954141,1.4357736275444188,0.927393769363943,1.479453069136053,1.2260149024497853,0.45158525563884944,1.0097753292450875,11.080473857507974,1.9331220218513714,1.4615662553638438,1.1555458165872456,1.2436794415916341,0.8257922851187781,0.8515852556388495,1.1696413808997934,1.2515852556388496,1.3477669324754655,1.2436794415916341,0.8257922851187781,0.0,0.0,0.0,0.0,1.2536604413166281,1.7192641451319526,0.0,0.0,0.0,0.0,0.0,0.0,0.8950641025641026,0.07195766228191573,0.7083333333333334,0.3435921354681384,4.986713286713287,1.255664460289092
GF207020,13,0.4,0.5477225575051662,0.0,0.0,0.0,0.0,0.0,0.0,0.0,0.0,37.6,11.414902540100814,5.4,1.816590212458495,17.4,23.147354060453647,6.4,2.5099800796022267,0.8,1.3038404810405297,1.6,1.51657508881031,0.2,0.4472135954999579,9.0,1.4142135623730951,1.0,1.224744871391589,0.8,0.8366600265340756,0.6,0.5477225575051661,0.8,0.4472135954999579,0.6,0.5477225575051661,0.2,0.447213595499958,0.0,0.0,0.2,0.447213595499958,0.0,0.0,0.0,0.0,0.0,0.0,0.9033333333333333,0.12270108212870641,0.5555555555555555,0.09622504486493759,7.305,2.2651005619079156
GF392165,15,0.0,0.0,0.0,0.0,0.0,0.0,0.0,0.0,0.0,0.0,2.8134442288218313,6.291052546550089,0.5626888457643663,1.2582105093100175,0.0,0.0,7.793845294325505,8.559606985534666,0.0,0.0,0.0,0.0,0.0,0.0,4.068382369261137,6.214896994579415,0.5626888457643663,1.2582105093100175,0.0,0.0,0.0,0.0,0.0,0.0,1.2549381404393054,2.806126989579465,1.2549381404393054,2.806126989579465,0.0,0.0,0.0,0.0,0.0,0.0,0.0,0.0,0.0,0.0,0.9166666666666667,0.11785113019775786,,,5.0,
GG620359,5,0.0,0.0,0.0,0.0,0.0,0.0,0.0,0.0,0.0,0.0,20.081678705705407,10.998004616495374,5.388315882666374,0.9222042823147719,0.0,0.0,3.4703856120883136,2.239589197031676,0.4,0.5477225575051661,0.2,0.447213595499958,0.4,0.5477225575051661,11.300404094577624,4.271367627466891,0.2,0.4472135954999579,0.49707897066659373,0.6824196720578132,0.4,0.5477225575051661,1.234661328284344,1.090264359799954,1.0970789706665935,0.7211644422817881,0.0,0.0,0.0,0.0,2.2346613282843437,1.6130787499496555,0.234661328284344,0.5247186817341872,0.0,0.0,0.0,0.0,0.9875,0.027950849718747367,0.5,0.5773502691896257,3.5942857142857143,1.301092555022391
GP143195,6,0.0,0.0,0.0,0.0,0.0,0.0,0.0,0.0,0.0,0.0,43.15648356260654,23.330644172970064,7.688589651880551,1.2372051698462367,0.0,0.0,3.57903675599606,2.493679078465441,0.8405545868573544,0.8693207038774717,0.6376299045981032,0.9553495398710775,0.4135325143527807,0.9246868129992252,9.352946176566178,3.818784081623192,0.8647894710796612,0.9126895332546341,1.2591991654106405,1.6961291096811941,0.4135325143527807,0.9246868129992252,0.6277798372856502,0.9290100611348168,0.20913525873236422,0.4676406550175729,0.0,0.0,0.0,0.0,0.8642682734101577,1.183518024562131,0.6314193281249901,0.9312146988502956,0.0,0.0,0.0,0.0,0.9025641025641026,0.1373650793433731,0.888888888888889,0.1924500897298752,6.0249999999999995,4.03711083435777
GR900605,13,0.2,0.447213595499958,0.2370499459114271,0.5300597931205994,0.0,0.0,0.0,0.0,0.0,0.0,81.13449513202843,25.34751251019465,11.518699242759979,4.715452135574989,22.30464605153418,37.05328324454137,7.45934962137999,4.290295598191309,0.2,0.447213595499958,2.3111498377342814,0.6957521883618824,0.2,0.4472135954999579,5.274099891822854,1.9064770744118482,1.4,1.51657508881031,0.0,0.0,1.2,1.6431676725154982,1.037049945911427,0.7119434615615192,0.0,0.0,0.0,0.0,0.0,0.0,0.0,0.0,0.0,0.0,0.0,0.0,0.0,0.0,0.8466666666666667,0.15018507101425083,0.0,0.0,7.7857142857142865,2.745270747957629
GT324524,1,0.0,0.0,0.0,0.0,0.0,0.0,0.0,0.0,0.0,0.0,37.35116142998362,20.92115649662985,8.43918363364275,4.299814598333327,0.0,0.0,0.8295199431772206,0.7798438008279458,0.0,0.0,0.0,0.0,0.2370499459114271,0.5300597931205994,11.570345868300315,7.480472420700311,0.7301935269423071,1.0715588528443283,0.3363763621463407,0.7521604117833048,0.6295329662965148,0.9047556542251959,0.2370499459114271,0.5300597931205994,0.5734263080577678,0.8045891331638787,0.0,0.0,0.0,0.0,0.0,0.0,0.0,0.0,0.0,0.0,0.0,0.0,0.9261904761904762,0.12383241546615095,0.3333333333333333,0.5773502691896258,4.463888888888889,0.8399965093989789
GT723244,2,0.0,0.0,0.0,0.0,0.0,0.0,0.0,0.0,0.0,0.0,35.90233180492099,42.927612245547216,5.883693143188443,5.21797008298697,0.0,0.0,1.7819767611540585,0.5931731684696687,0.0,0.0,1.1437477210624958,1.6497539785936906,0.0,0.0,10.00894977373556,2.514409042306291,1.976808649695802,1.4828864672322404,0.23951364163897115,0.5355687842432636,0.6876244385278321,0.9845632433651288,0.0,0.0,1.4919414726894882,2.0328122540667377,0.33000339622275576,0.7379100267598793,0.0,0.0,0.0,0.0,0.0,0.0,0.0,0.0,0.0,0.0,0.8555194805194806,0.09886616869211111,0.3333333333333333,0.5773502691896258,4.828571428571428,2.5954237591953877
GV604147,11,0.75,1.5,0.0,0.0,0.0,0.0,0.0,0.0,0.0,0.0,64.5,39.46728603117608,7.5,4.123105625617661,23.5,27.147743920996454,2.25,0.9574271077563381,0.5,1.0,2.75,1.707825127659933,0.75,0.9574271077563382,3.5,1.9148542155126764,0.5,0.5773502691896257,1.0,0.816496580927726,1.25,1.2583057392117916,1.0,1.4142135623730951,0.75,0.9574271077563381,0.0,0.0,0.0,0.0,0.0,0.0,0.0,0.0,0.0,0.0,0.0,0.0,0.9166666666666667,0.09622504486493762,0.47222222222222215,0.20971762320196524,9.14102564102564,3.5213850912094977
HK751316,15,0.25,0.5,0.0,0.0,0.0,0.0,0.0,0.0,0.0,0.0,98.3089369763159,37.18673505474591,11.857953565056983,5.08760718854462,83.75,68.25625734441252,7.303976782528491,2.40704283100549,0.7634941956321228,0.9624921663842849,1.7634941956321228,1.7001195983416735,0.5,0.5773502691896257,2.7904825868963683,0.9747873703009289,1.2634941956321228,0.49166273281754513,0.0,0.0,1.75,1.2583057392117918,0.5,0.5773502691896257,0.25,0.5,0.0,0.0,0.0,0.0,0.0,0.0,0.0,0.0,0.0,0.0,0.0,0.0,0.6791666666666667,0.13149778198382917,0.0,0.0,8.566964285714285,2.703313309374157
HR101296,9,0.0,0.0,0.0,0.0,0.0,0.0,0.0,0.0,0.0,0.0,34.29405571922496,33.95629209615254,5.081512104478286,3.447596923605144,164.86894313306306,113.98050968628347,46.96821478407942,31.267879147145962,0.7224167465811004,1.0604927605237853,1.6361236434057702,1.7496344059075937,0.0,0.0,2.8585067011725327,1.627943373538186,0.5122936264692776,0.7015699633431799,0.0,0.0,0.25309409001241245,0.5659355899712049,0.7224167465811004,1.0604927605237853,0.234661328284344,0.5247186817341872,0.234661328284344,0.5247186817341872,0.0,0.0,0.0,0.0,0.0,0.0,0.0,0.0,0.0,0.0,0.875,0.14433756729740643,0.0,,6.466666666666667,3.071011415008272
HS586007,12,0.0,0.0,0.0,0.0,0.0,0.0,0.0,0.0,0.0,0.0,42.8,19.967473550752484,6.2,2.5884358211089573,81.0,45.46977017755863,10.6,5.549774770204643,0.2,0.4472135954999579,1.0,1.7320508075688772,0.0,0.0,5.8,2.3874672772626644,1.2,0.4472135954999579,0.0,0.0,0.6,0.894427190999916,0.8,1.3038404810405297,0.0,0.0,0.0,0.0,0.0,0.0,0.0,0.0,0.0,0.0,0.0,0.0,0.0,0.0,0.8200649350649349,0.04926427848615407,0.0,0.0,6.684126984126985,1.4385935924761482
HW157577,7,0.0,0.0,0.0,0.0,0.0,0.0,0.0,0.0,0.0,0.0,53.5,25.826343140289914,8.5,4.654746681256314,0.0,0.0,3.25,1.707825127659933,0.75,0.5,2.0,1.8257418583505538,0.25,0.5,17.5,2.886751345948129,0.0,0.0,0.25,0.5,0.5,0.5773502691896257,0.5,0.5773502691896257,0.5,0.5773502691896257,0.0,0.0,0.0,0.0,0.0,0.0,0.0,0.0,0.0,0.0,0.0,0.0,1.0,0.0,0.3333333333333333,0.5773502691896258,6.401190476190476,1.525387947383443
JA935900,11,0.503621589565832,0.5815621919150546,0.0,0.0,0.0,0.0,0.0,0.0,0.0,0.0,66.58070660396262,18.69457396688563,6.92564646470963,3.0768078549459075,71.03621589565833,77.01589096199979,4.65753851688047,1.4150826662244649,1.0344049750287594,0.8298301538329026,3.548891333292088,2.881038722133722,0.5,0.5773502691896257,5.950997339977164,4.927169440442942,1.5615667709258547,1.045492144858767,0.0,0.0,1.0307833854629274,0.05235646345067061,1.003621589565832,0.8165287075851039,1.831485387691286,2.1326456415916244,0.27716179589709533,0.5543235917941907,0.0,0.0,0.0,0.0,0.0,0.0,0.27716179589709533,0.5543235917941907,0.0,0.0,0.8087301587301587,0.16678756008480541,0.0,0.0,10.301136363636363,2.651301398310497
JB459700,13,0.0,0.0,0.0,0.0,0.0,0.0,0.0,0.0,0.0,0.0,41.84349707135331,19.06035989694425,5.8676520956301665,2.2943628299066168,30.18336187523761,28.324071229689455,5.897719693688019,5.244683038950661,0.4,0.5477225575051662,1.007516899514463,1.0001412494700699,0.2,0.447213595499958,11.47516899514463,1.251063709868152,2.415033799028926,2.187714852657285,0.0,0.0,0.4,0.894427190999916,0.4,0.5477225575051661,0.40751689951446296,0.5581736899597178,0.0,0.0,0.0,0.0,0.0,0.0,0.0,0.0,0.0,0.0,0.0,0.0,0.8345238095238094,0.13445004298607313,0.0,,7.164444444444444,2.0200446150799687
JC206181,10,0.2560936351194528,0.572642776732124,0.45899090677211857,0.6354954872621674,1.1208790851969028,1.5442788378909935,0.20289727165266566,0.45369209186460147,0.0,0.0,25.348737140293395,15.476975273301756,4.605999317348109,3.4029638555905626,81.29863534700362,83.2692522177087,19.150238844345058,19.231673231226583,0.2560936351194528,0.572642776732124,0.6618881784247842,0.9441728164688062,0.0,0.0,4.2073228007779395,4.57868190944858,0.45899090677211857,0.6354954872621674,0.0,0.0,0.0,0.0,0.5121872702389056,1.145285553464248,0.2560936351194528,0.572642776732124,0.0,0.0,0.0,0.0,0.0,0.0,0.0,0.0,0.0,0.0,0.0,0.0,0.9249999999999999,0.06614378277661472,,,7.125,5.629576327720375
JC661063,8,0.5184303389344974,1.159245479455792,0.0,0.0,0.0,0.0,0.0,0.0,0.0,0.0,65.51909569719291,49.17464718918143,10.346858846521865,6.784738211047428,6.146247242866869,13.743426641570977,4.554607093050099,2.4845214862981244,1.1911623897441432,1.181074692562691,1.3454641016192916,1.921456854115362,0.0,0.0,5.362942915668886,3.765379551748165,0.51839907291373,1.1591755665079702,0.259199536456865,0.5795877832539852,0.259199536456865,0.5795877832539852,0.0,0.0,0.2560936351194528,0.572642776732124,0.0,0.0,0.0,0.0,0.6727320508096458,0.960728427057681,0.0,0.0,0.0,0.0,0.0,0.0,0.9,0.2,0.5,,5.840952380952381,1.5971864434521705
JD100273,12,0.25,0.5,0.25,0.5,0.0,0.0,0.0,0.0,0.0,0.0,59.110788178412214,6.388575190307314,7.347630974924359,0.4600771453450167,17.478727711894628,21.22411157329392,3.4751940981169986,2.9807150049827924,0.0,0.0,1.9751940981169984,2.110001184849011,0.751789059590702,0.5012040595712266,7.633171234351572,5.131407809479655,1.25,1.5,1.309429378812978,0.48157846359302225,1.5612184384036802,0.9791801051395191,1.8652806384445522,0.6129836502534511,0.0,0.0,0.0,0.0,0.0,0.0,0.0,0.0,0.0,0.0,0.0,0.0,0.0,0.0,0.8571428571428572,0.20203050891044222,0.475,0.04999999999999999,8.080357142857142,1.113604416262062
JG594765,2,0.4947853508150818,1.106373678693604,0.0,0.0,0.0,0.0,0.0,0.0,0.0,0.0,24.914780741442097,18.74236913118766,4.51102850944516,3.1033608697818975,0.0,0.0,1.9923734860997193,1.4566991134243161,0.4473926754075409,0.6183197728705868,0.2,0.4472135954999579,0.0,0.0,9.201910348669951,3.8167799722092215,1.3477835951617343,0.962711290251167,0.4947853508150818,1.106373678693604,0.2,0.4472135954999579,0.0,0.0,0.2501954598770968,0.5594540559470096,0.0,0.0,0.0,0.0,0.0,0.0,0.2473926754075409,0.553186839346802,0.0,0.0,0.0,0.0,0.8714285714285716,0.09351112803169279,0.5,0.7071067811865476,5.300000000000001,2.364083096866286
JG677554,9,0.46475725887405,0.636446258193157,0.8980098715547846,0.5029683058229908,0.0,0.0,0.0,0.0,0.0,0.0,43.18654505380342,37.995595655637345,5.240307268265182,2.6992928942257812,209.05070784525606,129.17691539525796,87.9665601480953,21.347966419646745,0.234661328284344,0.5247186817341872,1.3749762472463314,0.978354648459989,0.22373229278055495,0.5002806154192063,2.498516651696184,1.2825946650415487,0.9012928089313709,1.4598451143941142,0.0,0.0,0.6595059203249738,0.977769085429069,2.4631693825574015,0.8938498235186746,0.234661328284344,0.5247186817341872,0.0,0.0,0.0,0.0,0.0,0.0,0.0,0.0,0.0,0.0,0.0,0.0,0.8400000000000001,0.260768096208106,0.0,0.0,7.088571428571429,4.681644574117875
JG981094,1,0.0,0.0,0.0,0.0,0.0,0.0,0.0,0.0,0.0,0.0,7.49035376392064,5.902477689299752,2.4012254025696125,2.0193253497768056,0.0,0.0,1.2279891142436976,1.129480386443218,0.0,0.0,0.0,0.0,0.4252067961455824,0.9507913006764177,10.915239846285356,2.342603243147532,0.0,0.0,0.0,0.0,0.4252067961455824,0.9507913006764177,0.4252067961455824,0.9507913006764177,0.7480294921803322,1.0242815663657556,0.3740147460901661,0.8363223968449351,0.0,0.0,0.0,0.0,0.0,0.0,0.0,0.0,0.0,0.0,1.0,0.0,0.0,,3.6666666666666665,2.4494897427831783
JM130488,1,0.0,0.0,0.0,0.0,0.0,0.0,0.0,0.0,0.0,0.0,13.701662473274135,6.41815036388828,4.066087829759625,1.4588686160367634,0.0,0.0,0.6176418369116677,1.3810891330823278,0.0,0.0,0.0,0.0,0.0,0.0,5.153872457255515,3.7810298613999827,1.300946946520512,2.909005807540648,0.0,0.0,0.5626888457643663,1.2582105093100175,0.0,0.0,2.268115310171924,2.2018852236089983,0.0,0.0,0.0,0.0,0.0,0.0,0.0,0.0,0.0,0.0,0.0,0.0,0.875,0.25,0.0,,3.4,0.8944271909999159
JM604958,2,0.0,0.0,0.2560936351194528,0.572642776732124,0.0,0.0,0.0,0.0,0.0,0.0,33.40845447139536,16.09809066924926,9.343393068097445,4.014121628884728,0.0,0.0,3.05607122612075,1.153156930543254,0.5007746428247122,0.686010645421743,0.750970102701809,0.6858356881985085,0.265754247590989,0.5942445629227611,5.141327018949341,3.1882073562797895,0.5003909197541936,1.1189081118940192,0.7682809053583586,1.145285553464248,0.7661451673451826,1.1281087857444891,0.5218478827104418,0.714773685876664,0.4893620154105186,1.0942467320642193,0.2446810077052593,0.5471233660321096,0.0,0.0,0.0,0.0,0.0,0.0,0.0,0.0,0.0,0.0,0.9333333333333333,0.14907119849998593,0.5,0.5773502691896257,3.6674603174603178,1.0688917646021818
JM952052,13,0.0,0.0,0.0,0.0,0.0,0.0,0.0,0.0,0.0,0.0,42.39775882158459,40.10959668204606,4.725889754758464,3.2340891664370788,4.600975692112014,10.288094410386606,2.096032195565207,3.0528345970219997,0.42517795095169275,0.5823269233822421,1.2251779509516927,1.6397404501299715,0.2,0.447213595499958,12.087603981832952,14.329550588919032,0.41604269221932855,0.5703953700699308,0.43208538443865707,0.9661722916889671,0.8251779509516929,0.8449418292072746,0.6182705174647285,0.9303847968280082,1.4640733991716697,2.727069293607491,0.20913525873236422,0.4676406550175729,0.0,0.0,0.0,0.0,0.0,0.0,0.0,0.0,0.0,0.0,0.9416666666666668,0.08122328620674134,0.2222222222222222,0.3849001794597505,8.231944444444444,2.9832259964137844
JN875222,11,0.0,0.0,0.0,0.0,0.0,0.0,0.0,0.0,0.0,0.0,54.01046596607682,35.14478491601027,5.819905787614461,3.4998656231921923,19.0,26.13426869074396,1.1885919100677789,1.2842563287305668,0.2,0.4472135954999579,1.3885919100677788,1.3247710605423957,0.588591910067779,1.3161315219179968,4.815656938773341,3.834356732160073,0.9885919100677789,1.2015033387046425,0.2,0.447213595499958,1.177183820135558,2.6322630438359935,0.588591910067779,1.3161315219179968,0.4135325143527807,0.9246868129992252,0.0,0.0,0.0,0.0,0.2,0.447213595499958,0.0,0.0,0.0,0.0,0.0,0.0,0.8210227272727273,0.22042232660535022,0.5,0.7071067811865476,9.166666666666664,1.5693829879806143
JS228312,10,0.0,0.0,0.7882054142666102,0.977537734766425,4.373297644861967,2.4606955507184685,0.7884693101579832,0.9779787306455632,0.0,0.0,47.92052132553823,20.231559527780686,7.845432103747729,4.1041124645434905,78.11211118288159,39.5787850494415,36.93915806982406,6.917367395652474,1.7950977567380453,1.7009185804022213,2.4310844014629573,2.8889054491105823,0.0,0.0,6.760075977260999,3.3957964154417333,0.534891190976579,0.6202616400626125,0.7882054142666102,0.977537734766425,0.5697823819531581,1.1395647639063162,2.039994473857312,1.3808047223742692,0.753578119181404,0.9636622553323261,0.0,0.0,0.0,0.0,0.0,0.0,0.0,0.0,0.0,0.0,0.0,0.0,0.9460227272727273,0.0638625579548764,0.6666666666666666,0.4714045207910317,6.708333333333333,2.5326570734807055
JV681352,7,0.4,0.5477225575051662,0.2,0.4472135954999579,0.0,0.0,0.0,0.0,0.0,0.0,52.8,22.420972325035326,8.8,2.949576240750525,0.0,0.0,6.2,3.96232255123179,0.0,0.0,1.0,1.0,0.4,0.5477225575051661,11.6,4.8270073544588685,1.0,1.0,0.2,0.447213595499958,1.0,0.7071067811865476,0.8,0.8366600265340756,0.6,1.3416407864998738,0.0,0.0,0.0,0.0,0.0,0.0,0.0,0.0,0.0,0.0,0.0,0.0,0.9316221033868093,0.06423664707801366,0.125,0.25,5.778636363636363,1.052517642811631
KS314500,3,0.3074487147360963,0.6874762257448527,0.0,0.0,0.0,0.0,0.0,0.0,0.0,0.0,27.453704160594476,14.472553682594631,7.4214896191528394,4.481964439475836,0.0,0.0,5.2808163380091075,1.760245440775977,0.0,0.0,0.0,0.0,0.0,0.0,9.159097819574727,3.3883352179805306,0.6837830978428345,0.9400533803164405,0.23009593058970598,0.5145101421446558,0.2197816898678573,0.4914467987543057,0.0,0.0,1.5253862259413153,0.9199067736800571,0.3181822702900925,0.7114771856038585,0.0,0.0,0.0,0.0,0.0,0.0,0.0,0.0,0.0,0.0,0.9047619047619048,0.14677176197545183,0.5,0.7071067811865476,3.8154545454545454,1.9152055755699477
LM196125,12,0.0,0.0,0.0,0.0,0.0,0.0,0.0,0.0,0.0,0.0,26.925601814231065,21.542414294260137,3.479593011148503,2.090061660843471,53.17022488282182,32.52577896560088,6.059432055327061,6.235466046260861,0.4513229895215064,1.0091888843785135,0.8692098032937159,0.9356213445421416,0.0,0.0,7.062887055196536,7.393249244054432,1.4692098032937158,1.6945715079105605,0.0,0.0,1.23141932812499,1.3114998372730975,0.4,0.8944271909999159,0.4513229895215064,1.0091888843785135,0.0,0.0,0.0,0.0,0.0,0.0,0.0,0.0,0.0,0.0,0.0,0.0,0.7177777777777778,0.35499956529272636,0.0,0.0,7.1,5.029910535983716
LR428316,11,0.0,0.0,0.0,0.0,0.0,0.0,0.0,0.0,0.0,0.0,75.6100395494438,41.345372107130665,7.566156888418754,1.8116662190414718,105.16899362665211,51.20807586871754,1.75,1.707825127659933,0.25,0.5,3.5441045922791696,4.159544623565771,0.5,0.5773502691896257,3.772052296139585,1.485880420081287,1.75,1.2583057392117916,0.7720522961395847,1.5441045922791694,1.25,1.5,1.0,1.4142135623730951,0.0,0.0,0.0,0.0,0.0,0.0,0.0,0.0,0.0,0.0,0.0,0.0,0.0,0.0,0.7166666666666667,0.19148542155126763,0.3333333333333333,0.5773502691896258,9.444444444444445,3.2970244722128426
LW454197,15,0.0,0.0,0.0,0.0,0.0,0.0,0.0,0.0,0.0,0.0,101.42650988323484,45.95705125795946,12.445895121919447,3.676713089834238,109.75932434135152,84.25587887593876,4.5572048671140815,1.7924978793350075,1.0752398264742649,1.2476445794173714,0.75,0.9574271077563381,0.5271617958970953,0.6103278740329242,2.60240162237136,1.2156665508529845,0.7876199132371324,0.5298499538982389,0.25,0.5,1.6295634182684555,0.727759186698683,1.0271617958970953,0.8183017287602957,0.2876199132371325,0.575239826474265,0.0,0.0,0.0,0.0,0.0,0.0,0.0,0.0,0.2876199132371325,0.575239826474265,0.0,0.0,0.8041666666666667,0.14166666666666666,0.125,0.25,7.9191176470588225,2.1775520794025245
MB495148,8,0.0,0.0,0.0,0.0,0.0,0.0,0.0,0.0,0.0,0.0,82.8988853449931,70.20789439713045,11.546491430617364,5.312501793337822,0.0,0.0,4.021625514534831,3.447354405156392,0.25,0.5,0.6742925859953961,1.3485851719907922,0.0,0.0,8.783174186447233,3.2582338335153116,0.0,0.0,0.0,0.0,1.174292585995396,1.3855053896633676,0.25,0.5,0.25,0.5,0.0,0.0,0.0,0.0,1.7767333530012204,1.218545619142612,0.0,0.0,0.0,0.0,0.0,0.0,1.0,0.0,0.0,0.0,6.505952380952381,2.700702226645285
MF352745,8,0.0,0.0,0.0,0.0,0.0,0.0,0.0,0.0,0.0,0.0,55.22575311391057,23.91822019630474,9.969754935535837,1.6378405099276003,0.0,0.0,2.4495839440710183,2.2678402081711453,0.45700103444092754,0.9140020688818551,2.4518640731994794,2.059695620389464,0.0,0.0,10.76275390109491,2.491594479554695,0.45700103444092754,0.9140020688818551,1.1212914548150454,0.9519823562715464,0.5808609698766969,1.1617219397533938,0.29043048493834844,0.5808609698766969,0.25,0.5,0.0,0.0,0.0,0.0,1.3712914548150454,1.037019496815575,0.29043048493834844,0.5808609698766969,0.0,0.0,0.0,0.0,0.9583333333333334,0.0833333333333333,0.8333333333333334,0.28867513459481287,5.54375,2.161054430133586
MH859498,11,0.25,0.5,0.25,0.5,0.0,0.0,0.0,0.0,0.0,0.0,81.75,52.25179422756696,9.25,1.707825127659933,67.25,53.09347103615158,6.0,2.160246899469287,1.75,1.4999999999999998,1.25,1.2583057392117916,0.5,0.5773502691896257,4.5,3.415650255319866,0.5,0.5773502691896257,0.25,0.5,1.5,0.5773502691896257,0.75,0.9574271077563381,0.25,0.5,0.0,0.0,0.0,0.0,0.0,0.0,0.0,0.0,0.0,0.0,0.0,0.0,0.9333333333333333,0.0816496580927726,0.125,0.25,8.531637806637807,5.010562384100911
MI369148,4,0.2,0.447213595499958,0.0,0.0,0.0,0.0,0.0,0.0,0.0,0.0,30.0,14.849242404917497,7.4,2.5099800796022262,0.0,0.0,4.2,2.4899799195977463,0.4,0.5477225575051662,0.2,0.447213595499958,0.4,0.5477225575051662,7.8,3.96232255123179,2.2,1.3038404810405297,1.2,1.0954451150103321,0.8,0.4472135954999579,1.0,1.4142135623730951,1.4,0.5477225575051661,0.2,0.447213595499958,0.0,0.0,4.6,2.073644135332772,0.0,0.0,0.0,0.0,0.0,0.0,0.7669444444444444,0.13281293119029497,0.55,0.37080992435478316,3.9035714285714285,1.17732618197996
MI848101,11,0.0,0.0,0.0,0.0,0.0,0.0,0.0,0.0,0.0,0.0,99.6,57.89905007856347,10.2,2.8635642126552705,16.0,22.315913604421397,4.6,3.4351128074635335,1.4,0.894427190999916,4.2,3.03315017762062,0.0,0.0,4.6,1.816590212458495,1.4,0.8944271909999159,0.0,0.0,1.2,1.6431676725154984,0.4,0.8944271909999159,0.4,0.5477225575051661,0.0,0.0,0.0,0.0,0.2,0.4472135954999579,0.0,0.0,0.0,0.0,0.0,0.0,0.7555555555555555,0.18675262571079565,0.0,0.0,9.731428571428571,4.713629824503509
MJ276990,15,0.0,0.0,0.40751689951446296,0.5581736899597178,1.8696532539529156,0.9215906709499366,2.426911285154307,2.1850578377806738,0.0,0.0,51.33900620090243,16.86797024989039,8.194328147662159,3.732037139198902,257.83473282159406,93.84120036474978,2.662131150178793,1.1705302581179502,0.40593874306269057,0.5559536472943218,1.8463108750538109,1.3311925694545932,0.21424732293286947,0.4790715780752457,1.028494645865739,1.03696496511667,0.2,0.447213595499958,0.0,0.0,1.4336417085727136,0.5451062558867689,0.6201860659955601,0.5667149304717294,0.21424732293286947,0.4790715780752457,0.0,0.0,0.0,0.0,0.4134556425771535,0.5661543285765773,0.0,0.0,0.0,0.0,0.0,0.0,0.8888888888888888,0.19245008972987532,0.0,0.0,6.899615384615385,2.1504473526613124
ML148389,9,0.0,0.0,0.0,0.0,0.0,0.0,0.0,0.0,0.0,0.0,2.5222138904671354,5.639841712878724,1.6814759269780903,3.7598944752524828,258.0662592768058,115.22191427585123,27.486120055339892,26.43754949273217,0.0,0.0,0.8407379634890452,1.8799472376262414,0.0,0.0,7.283348711448534,9.298587557602856,1.781300726553543,2.4695955762394806,0.0,0.0,0.0,0.0,0.0,0.0,0.0,0.0,0.0,0.0,0.0,0.0,0.0,0.0,0.0,0.0,0.0,0.0,0.0,0.0,0.6666666666666666,0.4714045207910317,,,1.5,
ML280219,7,0.0,0.0,0.0,0.0,0.0,0.0,0.0,0.0,0.0,0.0,32.51517143129361,19.1007752328991,5.888075761284295,3.1525757608489258,14.0,20.96425529323663,4.103480448321151,3.299179244513456,0.6107953565056983,0.9007652608288821,0.21079535650569822,0.47135274648804376,0.0,0.0,17.810386715119723,4.352765640046795,3.2340989787558043,3.5328737774268615,0.4279129527812632,0.5880179366624287,0.4,0.894427190999916,0.2,0.447213595499958,0.41079535650569826,0.5628283338363242,0.0,0.0,0.0,0.0,0.8387083092869615,0.4723126001153795,0.0,0.0,0.0,0.0,0.0,0.0,0.8676447996447998,0.10759126029427359,0.6666666666666666,0.4714045207910317,5.285,1.2474473936803907
MM832184,14,0.0,0.0,0.5,1.0,0.0,0.0,0.0,0.0,0.0,0.0,72.25,57.5057968092493,7.25,5.439056290693573,8.75,17.5,3.5,2.380476142847616,1.25,0.9574271077563381,1.75,1.5,0.25,0.5,5.5,3.1091263510296048,1.0,0.816496580927726,0.0,0.0,1.75,1.5,1.25,0.9574271077563381,0.25,0.5,0.0,0.0,0.0,0.0,0.25,0.5,0.0,0.0,0.0,0.0,0.0,0.0,0.8830357142857144,0.08428243536802091,0.0,0.0,9.875050875050876,2.7740202774724465
MS438642,10,0.43009593058970597,0.5913313124424082,0.2,0.447213595499958,1.0,1.7320508075688774,3.5203837223588237,2.460292012461746,0.0,0.0,82.38249419533236,63.20676223852514,8.120383722358824,3.656312894085597,199.6027587684309,98.04069890372985,26.25143895884559,10.608022142651617,0.6300959305897059,0.9135779965498337,2.0,2.9154759474226504,0.0,0.0,5.860191861179412,3.1853245705197444,1.2,1.6431676725154984,0.0,0.0,0.2,0.4472135954999579,0.6,0.5477225575051661,0.2,0.447213595499958,0.0,0.0,0.0,0.0,0.0,0.0,0.0,0.0,0.0,0.0,0.0,0.0,0.8847619047619049,0.1149977816999892,0.0,,8.961904761904762,3.3353140373720667
MZ899300,12,0.0,0.0,0.0,0.0,0.0,0.0,0.0,0.0,0.0,0.0,44.797060641212646,26.325996011940035,6.7245519101735125,2.392642160350435,8.6,19.23018460649819,2.007954135896075,2.8425090501790873,0.40265137863202494,0.9003558538552141,1.7925589206885981,1.307620668140293,0.0,0.0,9.987011734418221,6.172800687004659,2.8687756796492065,3.3128943072761667,0.650473473260256,1.454502903770324,0.4,0.894427190999916,0.2,0.447213595499958,0.2,0.447213595499958,0.0,0.0,0.0,0.0,0.0,0.0,0.0,0.0,0.0,0.0,0.0,0.0,0.8014285714285714,0.24786846413007865,0.5,0.7071067811865476,6.74,2.9202739597510377
NC161980,4,0.0,0.0,0.0,0.0,0.0,0.0,0.0,0.0,0.0,0.0,30.523491434044615,15.417552092258637,6.24612327090629,3.4865001233220805,0.0,0.0,2.821630755206848,2.1858098143419094,0.0,0.0,1.2799793665483763,0.7777842102560398,0.0,0.0,15.94846253975715,3.7105997791284557,0.9577734356636742,1.3150326181663943,0.0,0.0,0.0,0.0,0.0,0.0,0.8950087648370404,0.8776798297972328,0.22579262781942472,0.5048876646225438,0.0,0.0,1.304679345651262,1.340588076451467,0.0,0.0,0.0,0.0,0.0,0.0,0.938095238095238,0.08518354199999202,,,5.111904761904762,1.6929810416115818
NI437601,5,0.0,0.0,0.0,0.0,0.0,0.0,0.0,0.0,0.0,0.0,16.58997162189096,12.147588393419726,3.747316590067258,2.592127430330623,0.0,0.0,2.8500880076750454,1.9175869975297886,0.0,0.0,0.29043048493834844,0.5808609698766969,0.3163676125155156,0.6327352250310312,11.562980822101753,9.683042880764566,1.4616423228313886,1.5518185028913565,0.0,0.0,0.6327352250310312,1.2654704500620624,0.3163676125155156,0.6327352250310312,0.8312144701722421,1.0130518360724825,0.0,0.0,0.0,0.0,4.545524004129515,3.2111777006965228,0.0,0.0,0.0,0.0,0.0,0.0,0.9020833333333333,0.0708333333333333,0.0,,4.466666666666667,1.1898879499067687
NT897139,12,0.25,0.5,0.0,0.0,0.0,0.0,0.0,0.0,0.0,0.0,41.19576437966859,25.547213869816517,7.404672380732501,4.385044878283421,48.01846342693276,56.311237882875375,10.91502226726399,3.506836892674481,1.1788644988402024,0.891423974575563,1.1348907935775003,1.617443936141208,0.0,0.0,10.476726067800275,7.133578791227836,2.5103498865314884,0.774006270801202,0.27716179589709533,0.5543235917941907,0.0,0.0,0.5,0.5773502691896257,0.6788644988402025,0.8365341401092748,0.25,0.5,0.0,0.0,0.0,0.0,0.0,0.0,0.0,0.0,0.0,0.0,0.78125,0.07465197027987053,1.0,,5.541666666666667,0.9965217285917831
OJ524283,1,0.0,0.0,0.0,0.0,0.0,0.0,0.0,0.0,0.0,0.0,24.197522557272737,26.63073479676241,5.566297029047282,4.267428000109727,0.0,0.0,4.345900715257974,3.2220671789545534,1.0430289457502713,1.0603198899525512,0.0,0.0,0.0,0.0,10.840568972213223,4.703245296751344,0.259199536456865,0.5795877832539852,0.4993570804654278,1.116596376966529,0.0,0.0,1.4980712413962836,3.349789130899587,1.1489634043270183,1.1693659196895267,0.0,0.0,0.0,0.0,0.0,0.0,0.0,0.0,0.0,0.0,0.0,0.0,0.9777777777777779,0.04969039949999535,1.0,,3.4466666666666668,2.169690198059519
OW990997,13,0.2,0.4472135954999579,0.0,0.0,0.0,0.0,0.0,0.0,0.0,0.0,45.99078133893769,35.273103414616536,6.9116518111250524,4.6883651688794625,7.2,10.084641788382967,4.25108587992137,2.8148622386499325,1.0279129527812632,1.2263342385601266,1.8279129527812632,1.6272890828314184,0.0,0.0,7.930084712624003,3.076317996117107,1.0279129527812632,0.7098560872915335,0.0,0.0,0.4279129527812632,0.5880179366624287,0.0,0.0,0.0,0.0,0.0,0.0,0.0,0.0,0.0,0.0,0.0,0.0,0.0,0.0,0.0,0.0,0.8868376068376069,0.08521886155551754,0.0,0.0,6.326704545454545,2.130297945217863
PC874545,3,0.0,0.0,0.0,0.0,0.0,0.0,0.0,0.0,0.0,0.0,5.674948543947972,5.170917108764592,2.449210874014618,1.890169438617169,0.0,0.0,1.6805890871743767,1.2261451767387217,0.3280220529778122,0.6560441059556243,0.0,0.0,0.0,0.0,11.15026273395974,4.833831613279999,1.3604720432750605,1.077880904793147,0.0,0.0,0.0,0.0,0.0,0.0,0.38431089342012037,0.7686217868402409,0.38431089342012037,0.7686217868402409,0.0,0.0,0.0,0.0,0.0,0.0,0.0,0.0,0.0,0.0,0.8732954545454545,0.09030814633667239,,,2.222222222222222,0.6309898162000301
PG443746,10,0.0,0.0,0.2,0.447213595499958,0.8,0.8366600265340756,1.2043993298011166,1.0944848585580966,0.0,0.0,39.692385925823444,34.720984004570795,5.413197989403349,3.349878057213629,358.18781904630146,111.64543845524192,14.435194638408934,7.7937846453645845,0.0,0.0,0.6,1.3416407864998738,0.2,0.447213595499958,9.079187936420098,5.550953270909833,1.408798659602233,0.5599866707854121,0.2,0.4472135954999579,1.2,0.8366600265340756,0.8043993298011166,1.3047208266192631,0.6043993298011165,0.5518116529347776,0.2,0.4472135954999579,0.0,0.0,0.2,0.447213595499958,0.0,0.0,0.0,0.0,0.0,0.0,0.8514285714285714,0.0501019369050005,0.08333333333333333,0.16666666666666666,6.647222222222223,2.7558089601224824
PM628715,2,0.0,0.0,0.0,0.0,0.0,0.0,0.0,0.0,0.0,0.0,20.910973579369436,30.009054298025283,2.761286385340457,2.671929717081559,0.0,0.0,1.2018729208677734,1.100898152965642,0.7766661247221911,1.0646980474205014,0.40265137863202494,0.900355853855214,0.40265137863202494,0.9003558538552141,3.9917959387500885,3.168857537812695,0.0,0.0,0.40265137863202494,0.9003558538552141,0.40265137863202494,0.9003558538552141,0.40265137863202494,0.9003558538552141,0.7766661247221911,1.0646980474205014,0.0,0.0,0.0,0.0,0.0,0.0,0.0,0.0,0.0,0.0,0.0,0.0,1.0,0.0,0.5,,6.888888888888888,5.110809169825298
PO196534,8,0.2,0.447213595499958,0.0,0.0,0.0,0.0,0.0,0.0,0.0,0.0,19.192899130663825,18.32513309349012,4.031737758494127,3.0941879610136174,0.0,0.0,4.301060415062815,3.316587616635245,0.0,0.0,0.0,0.0,0.0,0.0,5.701511405153966,5.889976976323187,2.0443096111245165,3.026965284779315,0.5924830203850877,0.8797574076189766,0.5924830203850877,0.8797574076189766,0.2,0.447213595499958,0.0,0.0,0.0,0.0,0.0,0.0,2.639254738109039,2.1324279799510526,0.0,0.0,0.0,0.0,0.0,0.0,0.6726190476190477,0.45441273057124554,0.5,0.5,4.260416666666666,1.5162602477440632
PS298811,1,0.21079535650569822,0.47135274648804376,0.0,0.0,0.0,0.0,0.0,0.0,0.0,0.0,42.20328099618804,15.39108351676571,7.960631686862307,1.922880440705637,0.0,0.0,3.488931255496938,2.378164775078325,0.0,0.0,2.0067918051403537,0.5663214094509603,0.0,0.0,7.204639280485523,5.189488397511451,0.7065193578739939,0.6450906793107343,0.23234438795067874,0.5195378456483007,0.23951364163897115,0.5355687842432636,0.23234438795067874,0.5195378456483007,1.149659102330371,0.8233310922032893,0.0,0.0,0.0,0.0,0.47185802958964995,0.6462425005642793,0.0,0.0,0.0,0.0,0.0,0.0,0.8618181818181817,0.20784212062870705,0.5,0.7071067811865476,5.21,0.7078527781647509
PW129932,5,0.2560936351194528,0.572642776732124,0.0,0.0,0.0,0.0,0.0,0.0,0.0,0.0,19.008986013286947,11.986116445969168,4.1137346426483115,1.6184936292402936,0.0,0.0,1.3595799456464466,1.4005521454039203,0.0,0.0,0.2,0.4472135954999579,0.2560936351194528,0.572642776732124,11.308079161945727,2.7706230432201018,2.0593693461867835,1.4749901373106638,0.5034863105269938,0.6895985825843697,0.45609363511945283,0.6323550681252984,0.2560936351194528,0.572642776732124,0.7121872702389057,0.6601408860961143,0.0,0.0,0.0,0.0,1.1682809053583587,1.1590505138325726,0.2473926754075409,0.553186839346802,0.0,0.0,0.0,0.0,0.8400000000000001,0.12167808165629318,0.5,0.5,4.42,1.8726985876002578
RD673943,6,0.25,0.5,0.0,0.0,0.0,0.0,0.0,0.0,0.0,0.0,53.7816072358803,24.282167180002418,10.87146292997698,3.3223170458726914,0.0,0.0,3.0,2.943920288775949,0.0,0.0,2.424292585995396,2.062841866164633,0.25,0.5,13.295755515972377,4.154585585362077,0.75,0.9574271077563381,1.25,1.2583057392117916,0.75,0.9574271077563381,0.75,1.5,0.0,0.0,0.0,0.0,0.0,0.0,0.5,0.5773502691896257,0.0,0.0,0.0,0.0,0.0,0.0,0.9365079365079365,0.07445104380672114,0.7000000000000001,0.264575131106459,4.8133928571428575,1.3118065871571325
RE827406,2,0.0,0.0,0.0,0.0,0.0,0.0,0.0,0.0,0.0,0.0,45.02117099681717,24.775302635227437,8.865009246783172,3.7925257973773254,0.0,0.0,1.991599234780573,1.6588090945171823,0.0,0.0,0.3239994205710813,0.6479988411421626,0.28489119097657906,0.5697823819531581,13.43740411980184,5.724125777736164,0.8723626281577717,0.5851169725557999,0.28489119097657906,0.5697823819531581,0.6088906115476603,0.7059808156741149,0.28489119097657906,0.5697823819531581,0.312744324846371,0.625488649692742,0.0,0.0,0.0,0.0,0.0,0.0,0.0,0.0,0.0,0.0,0.0,0.0,0.9375901875901876,0.049321316481133075,0.25,0.3535533905932738,4.989583333333334,1.4885267231580208
RH772080,12,0.0,0.0,0.27716179589709533,0.5543235917941907,0.0,0.0,0.0,0.0,0.0,0.0,67.90711194416225,29.058838822608443,11.562196592647727,3.294964577426565,4.15742693845643,8.31485387691286,4.003794718279305,2.542224158567416,1.0902536374724154,1.5332297160974326,1.62618368315064,3.25236736630128,0.27716179589709533,0.5543235917941907,6.383925342217442,3.5411370850973483,1.5277321013214125,1.2382397309780193,0.0,0.0,0.9805228531025532,1.3290180265323512,0.27716179589709533,0.5543235917941907,0.8243710441159547,1.049087776046587,0.0,0.0,0.0,0.0,0.0,0.0,0.0,0.0,0.0,0.0,0.0,0.0,0.830952380952381,0.13809523809523813,0.0,0.0,5.727777777777778,0.7379484407697924
RN981435,10,0.0,0.0,0.8,0.8366600265340756,0.2,0.447213595499958,0.0,0.0,0.0,0.0,12.8,10.425929215182693,2.8,2.16794833886788,268.8,91.87600339588134,15.8,6.870225614927067,0.2,0.447213595499958,0.8,1.0954451150103321,0.2,0.4472135954999579,7.0,2.9154759474226504,1.6,1.51657508881031,0.4,0.5477225575051661,1.2,1.6431676725154982,2.2,1.3038404810405297,0.0,0.0,0.0,0.0,0.0,0.0,0.6,0.8944271909999159,0.0,0.0,0.0,0.0,0.0,0.0,0.8090964590964591,0.13127459639914946,0.3,0.47609522856952335,4.458333333333334,0.6579288490181672
RT351750,5,0.0,0.0,0.0,0.0,0.0,0.0,0.0,0.0,0.0,0.0,17.378226895241532,6.432636117593465,5.481063343338706,2.8198744978855794,0.0,0.0,3.610989612887875,2.5624655262800653,0.0,0.0,1.0066284465800623,1.1623544092138676,0.0,0.0,7.070696828814951,3.499655525073651,0.9350368652254153,1.8700737304508306,0.0,0.0,0.0,0.0,1.0066284465800623,1.1623544092138676,0.0,0.0,0.0,0.0,0.0,0.0,2.0132568931601247,2.324708818427735,0.0,0.0,0.0,0.0,0.0,0.0,0.9,0.2,,,3.6875,1.6250000000000004
SD710082,6,0.0,0.0,0.0,0.0,0.0,0.0,0.0,0.0,0.0,0.0,33.584883265661915,34.03330887804119,7.439310997415653,7.3606453620235435,0.0,0.0,5.042307857966268,5.355272596975313,1.3442491147167366,1.9849125779598853,2.4383650799946324,4.029618198729212,0.0,0.0,10.86100648010972,7.602967845245535,0.9663670028994692,1.2765736146290805,0.0,0.0,1.8147832384242857,3.6295664768485714,0.0,0.0,0.3365201712720196,0.6730403425440392,0.0,0.0,0.0,0.0,7.034298559742673,5.80869175587457,0.0,0.0,0.0,0.0,0.0,0.0,0.9097222222222222,0.11866671868496574,0.0,,4.341269841269841,0.610904933267486
SH109757,15,0.2,0.4472135954999579,0.2,0.4472135954999579,0.2,0.447213595499958,0.0,0.0,0.0,0.0,130.6,66.83786352061233,11.2,2.16794833886788,323.4,149.02113944001368,8.2,3.63318042491699,1.2,0.4472135954999579,3.0,1.8708286933869707,0.4,0.5477225575051661,2.6,1.3416407864998738,1.4,2.1908902300206643,0.0,0.0,1.6,0.5477225575051662,1.4,0.8944271909999159,0.8,0.8366600265340756,0.0,0.0,0.0,0.0,0.8,0.8366600265340756,0.0,0.0,0.0,0.0,0.0,0.0,0.8,0.31298431857438064,0.0,0.0,11.135360195360196,4.033265242710471
SM530829,2,0.0,0.0,0.0,0.0,0.0,0.0,0.0,0.0,0.0,0.0,25.285636552106126,19.73951941863661,5.282781449714522,3.570314950637675,0.0,0.0,3.702949607773255,2.9532716070610503,0.47869716610833485,0.9573943322166698,0.0,0.0,0.0,0.0,7.717606542414395,3.951997912791224,1.8784800910678847,2.0624806261652266,0.36085423220986546,0.7217084644197309,0.0,0.0,0.6024407670058242,1.2048815340116483,0.0,0.0,0.0,0.0,0.0,0.0,0.0,0.0,0.0,0.0,0.0,0.0,0.0,0.0,0.8095238095238095,0.1505846504842085,1.0,,4.716666666666666,1.5002777520623753
SS343221,8,0.0,0.0,0.0,0.0,0.0,0.0,0.0,0.0,0.0,0.0,62.01284230958252,19.89796563965508,9.502064353995669,3.020461664085629,0.0,0.0,2.145309099947356,1.3750584745784136,1.0378603852112598,1.7906709779331371,1.2107953565056984,1.3019927113304346,0.4135325143527807,0.9246868129992252,13.262416830689592,4.675369015237911,1.0148974294721926,1.4406931714925832,0.2,0.4472135954999579,0.4135325143527807,0.9246868129992252,0.7209812290888771,1.0048975883146898,0.3074487147360963,0.6874762257448527,0.0,0.0,0.0,0.0,0.0,0.0,0.0,0.0,0.0,0.0,0.0,0.0,0.9447619047619048,0.07571278824514967,0.5,0.7071067811865476,6.637777777777778,1.541556052087758
SS644622,4,0.0,0.0,0.0,0.0,0.0,0.0,0.0,0.0,0.0,0.0,20.455918085744887,11.577013857158537,3.5923825610778195,2.339665295876275,0.0,0.0,2.5575240647764153,0.8829374182246695,0.5626888457643663,1.2582105093100175,0.9686275888270568,1.1494064279947174,0.0,0.0,9.873086691284495,6.137738974719734,0.4118774861253812,0.9209860573780789,1.3515853217137246,1.0616306792064436,0.0,0.0,0.2,0.447213595499958,0.6,0.8944271909999159,0.0,0.0,0.0,0.0,2.812651448200121,1.975987314485583,0.7686275888270568,1.2269673716644236,0.0,0.0,0.0,0.0,0.9428571428571428,0.12777531299998804,1.0,0.0,6.05,1.5416441439796236
ST886478,12,0.0,0.0,0.0,0.0,0.0,0.0,0.0,0.0,0.0,0.0,56.199360272955246,32.91468032649917,6.787544197075074,3.5225911272673884,0.0,0.0,6.542167339676878,5.534405692101198,0.0,0.0,0.810160095822482,1.620320191644964,0.0,0.0,4.165050064795089,3.080907393870254,2.354889968972607,3.424442955271126,0.0,0.0,0.0,0.0,0.25,0.5,0.25,0.5,0.0,0.0,0.0,0.0,0.5,1.0,0.0,0.0,0.0,0.0,0.0,0.0,0.7380952380952381,0.25084889887744616,,,8.132575757575758,2.242744141801089
TB830937,4,0.0,0.0,0.0,0.0,0.0,0.0,0.0,0.0,0.0,0.0,41.301194535392945,17.56182663275562,9.207967969706065,2.942191973567128,8.8,19.677398201998148,7.042629297990407,2.26178237905679,0.4,0.5477225575051661,0.2,0.447213595499958,0.2,0.4472135954999579,7.842629297990408,2.594301627457952,0.4,0.5477225575051662,1.034661328284344,1.002999022129222,1.0,0.7071067811865476,1.2,1.6431676725154984,1.069322656568688,1.0942279447128103,0.234661328284344,0.5247186817341872,0.0,0.0,4.57330664142172,2.0518615747503444,0.4,0.5477225575051661,0.0,0.0,0.0,0.0,0.9596153846153846,0.05785234214035121,0.4666666666666666,0.447213595499958,4.478095238095238,0.9814700437160668
TC478587,7,0.0,0.0,0.0,0.0,0.0,0.0,0.0,0.0,0.0,0.0,26.598075275363204,27.54179684449825,5.276548065034488,4.496529422157084,0.0,0.0,2.7496550345832036,1.9576064408287555,0.25,0.5,0.5644815695485618,1.1289631390971235,0.38431089342012037,0.7686217868402409,12.96096447500713,4.570521550724581,1.1343108934201203,1.4394991018980332,0.2822407847742809,0.5644815695485618,0.38431089342012037,0.7686217868402409,0.38431089342012037,0.7686217868402409,0.5644815695485618,1.1289631390971235,0.2822407847742809,0.5644815695485618,0.0,0.0,0.0,0.0,0.0,0.0,0.0,0.0,0.0,0.0,0.9186507936507936,0.10294541088153057,0.5,0.7071067811865476,4.481481481481481,2.0002571851100446
TF414345,3,0.29939205204871394,0.5987841040974279,0.0,0.0,0.0,0.0,0.0,0.0,0.0,0.0,4.289918202771465,3.0461443949366345,1.222175576717223,0.979048091700168,0.0,0.0,0.9690735487674816,0.6504621429923434,0.0,0.0,0.0,0.0,0.0,0.0,10.959201088491012,4.482910206694235,2.21293178106131,1.1663030069436764,0.0,0.0,0.0,0.0,0.3456820761476864,0.6913641522953728,0.29939205204871394,0.5987841040974279,0.0,0.0,0.0,0.0,0.3456820761476864,0.6913641522953728,0.0,0.0,0.0,0.0,0.0,0.0,0.8157051282051282,0.13039003594107684,,,3.6666666666666665,0.5773502691896258
TF695083,4,0.0,0.0,0.0,0.0,0.0,0.0,0.0,0.0,0.0,0.0,19.59965009232519,19.57270908508835,4.83272800486891,4.520941651017048,0.0,0.0,0.5033142232900312,1.0066284465800623,0.0,0.0,0.0,0.0,0.0,0.0,13.112556014479189,5.575195292492172,1.7786807427196472,1.2895247012261448,0.0,0.0,0.0,0.0,0.0,0.0,1.2753665194296158,1.5366630784396849,0.0,0.0,0.0,0.0,0.5033142232900312,1.0066284465800623,0.0,0.0,0.0,0.0,0.0,0.0,0.8647727272727272,0.11198035788013981,,,3.7777777777777772,0.6938886664887105
TF974321,3,0.0,0.0,0.0,0.0,0.0,0.0,0.0,0.0,0.0,0.0,29.424988310512777,7.057095379041537,7.385081909381574,1.570044419922714,0.0,0.0,4.70441068138489,1.9587308366168785,0.20913525873236422,0.4676406550175729,0.4716983463894426,0.6511541576544515,0.0,0.0,8.008321054611582,3.2240230129227045,0.6914800362572999,0.6374519933635545,0.2197816898678573,0.4914467987543057,0.20913525873236422,0.4676406550175729,0.41827051746472843,0.9352813100351458,1.0524033960622479,1.4848198613128396,0.21249880993257758,0.47516178414705096,0.0,0.0,0.0,0.0,0.0,0.0,0.0,0.0,0.0,0.0,0.925,0.07453559924999299,0.5,0.7071067811865476,4.014444444444445,0.6664073569762711
TH129032,8,0.0,0.0,0.0,0.0,0.0,0.0,0.0,0.0,0.0,0.0,40.11617016531648,50.78240173836583,6.261518515449988,4.945042057954821,0.0,0.0,4.192351630303187,3.9603922033058665,0.2,0.4472135954999579,0.6473926754075409,0.9266191255413216,0.2473926754075409,0.553186839346802,11.905047528987431,1.8242421962215665,1.066460471169891,1.3000874452998141,1.7251238873424732,0.6536754285531547,0.2473926754075409,0.553186839346802,0.4947853508150818,1.106373678693604,0.2,0.4472135954999579,0.0,0.0,0.0,0.0,0.0,0.0,0.0,0.0,0.0,0.0,0.0,0.0,0.9290476190476191,0.0819684138048188,0.9,0.22360679774997896,4.854285714285714,3.3132449104668815
TP244548,3,0.0,0.0,0.0,0.0,0.0,0.0,0.0,0.0,0.0,0.0,7.969376686467052,9.370041472164727,1.631629846368696,1.269270240637977,3.074487147360963,6.148974294721927,2.628208274834905,2.0972408822501403,0.0,0.0,0.0,0.0,0.0,0.0,6.888046396038506,2.091259378734909,1.0486965123975929,1.2944229493777923,0.0,0.0,0.38431089342012037,0.7686217868402409,0.0,0.0,1.1529326802603612,1.4717986686659208,0.7686217868402407,1.5372435736804817,0.0,0.0,0.38431089342012037,0.7686217868402409,0.0,0.0,0.0,0.0,0.0,0.0,0.9017857142857143,0.12155105867060796,0.0,,4.333333333333333,2.309401076758503
TR524244,15,0.0,0.0,0.0,0.0,0.0,0.0,0.0,0.0,0.0,0.0,24.963927783232684,41.53773986988335,3.276266726003711,4.5343119135910595,132.34798528144793,197.75601685211615,4.72809331674314,6.7494492011891305,0.9122200676321413,2.0397860816649236,0.0,0.0,0.0,0.0,0.9122200676321413,2.0397860816649236,0.0,0.0,0.0,0.0,0.0,0.0,0.0,0.0,0.0,0.0,0.0,0.0,0.0,0.0,0.0,0.0,0.0,0.0,0.0,0.0,0.0,0.0,1.0,,,,7.25,4.596194077712559
TW860822,9,0.0,0.0,0.2747271123348216,0.5494542246696432,0.0,0.0,0.0,0.0,0.0,0.0,24.3433831560681,22.714301241970112,5.090643565238474,4.081840295048412,192.4919229830457,108.61615149994577,56.831641361852355,37.01604005885486,1.0558512596315741,1.4186181490484795,1.3305783719663957,1.2413117326094774,0.0,0.0,9.228141807080888,2.913985411261808,0.7747271123348216,0.9672626988367172,0.0,0.0,0.5558512596315741,0.6482893893304899,1.5805783719663957,1.7040547437028968,0.0,0.0,0.0,0.0,0.0,0.0,0.25,0.5,0.0,0.0,0.0,0.0,0.0,0.0,0.9226190476190477,0.08987898137227084,0.0,0.0,4.4338624338624335,1.2760101480956834
UA499525,3,0.0,0.0,0.0,0.0,0.0,0.0,0.0,0.0,0.0,0.0,19.486514507053336,11.04849785048579,4.237122273466116,3.267040146545819,0.0,0.0,0.8605400365723945,1.2558087323879619,0.0,0.0,0.2501954598770968,0.5594540559470096,0.0,0.0,3.6545990839754032,3.061770703087507,0.27654566091814914,0.6183748966955884,0.0,0.0,0.2501954598770968,0.5594540559470096,0.3074487147360963,0.6874762257448527,1.0582496159772241,1.111300199156348,0.27654566091814914,0.6183748966955884,0.0,0.0,0.0,0.0,0.0,0.0,0.0,0.0,0.0,0.0,0.95,0.11180339887498948,0.0,,5.630952380952381,3.1328303258140457
WN551420,3,0.0,0.0,0.0,0.0,0.0,0.0,0.0,0.0,0.0,0.0,5.766667560133931,7.910448709102739,1.7309605037950042,1.8195689200400795,0.0,0.0,1.195842795518134,1.1467596744431718,0.0,0.0,0.0,0.0,0.0,0.0,8.183825838604253,3.3248633503200313,1.3323662058958239,1.2217815358486175,0.0,0.0,0.0,0.0,0.0,0.0,2.4292141206959665,1.0783694078349577,0.0,0.0,0.0,0.0,0.0,0.0,0.0,0.0,0.0,0.0,0.0,0.0,0.8433333333333334,0.1507389207279335,,,3.1111111111111107,1.8358568490953668
WR283546,4,0.0,0.0,0.0,0.0,0.0,0.0,0.0,0.0,0.0,0.0,47.727867939947814,15.403239322806648,10.034282849380418,3.675746361877905,0.0,0.0,1.708492339197792,1.1971472226623279,0.2,0.447213595499958,0.0,0.0,0.6993570804654279,1.0941247318391376,10.337342373574712,5.481808968309515,0.20751689951446295,0.46402189379433223,1.099357080465428,1.1391891187843384,0.6993570804654279,1.0941247318391376,0.6993570804654279,1.0941247318391376,0.8166521582468272,0.4570056790901815,0.0,0.0,0.0,0.0,2.3176275979301564,1.7854064366651685,1.099357080465428,1.1391891187843384,0.0,0.0,0.0,0.0,0.9833333333333332,0.03726779962499651,0.6666666666666666,0.28867513459481287,5.1712554112554106,2.1555820221724513
WS816688,3,0.0,0.0,0.0,0.0,0.0,0.0,0.0,0.0,0.0,0.0,21.336599514887343,29.32316680565071,4.334310054917971,5.311809019539026,0.0,0.0,0.3074487147360963,0.6874762257448527,0.0,0.0,0.0,0.0,0.0,0.0,11.474399624632092,12.834065577224003,0.8929682779259593,1.99673777119337,0.5626888457643663,1.2582105093100175,0.3074487147360963,0.6874762257448527,0.0,0.0,1.71601854927179,1.5725833987282745,0.0,0.0,0.0,0.0,0.0,0.0,0.0,0.0,0.0,0.0,0.0,0.0,0.95,0.11180339887498948,0.5,0.7071067811865476,3.5238095238095237,3.051708565716593
YM654200,12,0.25,0.5,0.564153736901883,1.128307473803766,0.0,0.0,0.0,0.0,0.0,0.0,55.296304633252724,19.456332445508128,6.3207686845094155,3.894410887919768,3.3849224214112983,6.769844842822597,4.1283074738037655,1.4373069370651548,1.314153736901883,1.0302606215440522,0.75,0.9574271077563381,0.25,0.5,2.8141537369018828,0.8971187216287512,0.0,0.0,0.0,0.0,0.75,0.9574271077563382,1.0,0.816496580927726,0.25,0.5,0.0,0.0,0.0,0.0,0.0,0.0,0.0,0.0,0.0,0.0,0.0,0.0,1.0,0.0,0.0,0.0,11.321428571428571,6.874793750771456
ZF741855,3,0.0,0.0,0.0,0.0,0.0,0.0,0.0,0.0,0.0,0.0,27.676464497497875,14.098924987143493,6.294958056252637,2.3015870338179725,0.0,0.0,0.33000339622275576,0.7379100267598793,0.0,0.0,0.7292227431550391,1.077357137979457,0.0,0.0,9.376798126876825,5.614115086187387,0.0,0.0,0.0,0.0,0.23951364163897115,0.5355687842432636,0.0,0.0,1.8449387022575165,0.6798445588955317,0.0,0.0,0.0,0.0,0.0,0.0,0.0,0.0,0.0,0.0,0.0,0.0,1.0,0.0,0.0,,4.237619047619047,1.6182161730641678
